perturbation_id	effectvector_reversal
ENSG00000000419	0.009409512516458716
ENSG00000003756	-0.07664312056486404
ENSG00000004487	0.07324875083170992
ENSG00000004961	-0.1622310099929463
ENSG00000005339	0.16509942619846518
ENSG00000005448	0.014238981845849553
ENSG00000005483	-0.06992473405310276
ENSG00000005812	-0.061848390301229066
ENSG00000005889	0.10524923926737674
ENSG00000008256	0.017966067667990023
ENSG00000008441	0.054572324859312286
ENSG00000008838	-0.00677661938507363
ENSG00000009307	0.06604786491932445
ENSG00000010539	0.01524422602251519
ENSG00000011028	-0.09135155224980239
ENSG00000011376	-0.13018332708370137
ENSG00000011451	0.05701456023209204
ENSG00000012061	-0.09334654718438253
ENSG00000014164	-0.03369811497998373
ENSG00000014919	0.05681980124794861
ENSG00000015285	0.027330232286134213
ENSG00000015479	-0.029626383083391366
ENSG00000022267	-0.11362748322671312
ENSG00000023287	-0.10377411715947231
ENSG00000023734	0.02498458599872398
ENSG00000025796	0.06403962689856882
ENSG00000026751	-0.06728588942704637
ENSG00000027001	-0.08437122431926801
ENSG00000028310	-0.026969073188366638
ENSG00000029363	0.01900186196407852
ENSG00000032389	0.08643622497395821
ENSG00000033867	-0.005995367079185039
ENSG00000036257	-0.1505949908669384
ENSG00000037637	-0.04319339178659281
ENSG00000037897	-0.08723389088048082
ENSG00000040633	-0.08808483038839332
ENSG00000041353	0.03245635686321641
ENSG00000047578	-0.0599116300618975
ENSG00000048028	0.11087826595460727
ENSG00000054118	-0.04956847630866477
ENSG00000054967	0.0038551406128231
ENSG00000055070	0.021584405321677474
ENSG00000055609	0.07973932906950836
ENSG00000055950	0.013246693821687855
ENSG00000057935	0.049697260833078016
ENSG00000058272	-0.04739330069262723
ENSG00000059573	-0.0035977754141397664
ENSG00000060237	-0.10437486548508919
ENSG00000061794	-0.05672959763776116
ENSG00000063046	-0.023553059093521508
ENSG00000064102	0.02000621454386992
ENSG00000064995	-0.10481829028058735
ENSG00000065615	-0.035295994357913966
ENSG00000065883	-0.0878762417169704
ENSG00000066044	-0.05366141702465707
ENSG00000066117	-0.09204630385238473
ENSG00000066827	-0.07413581890149018
ENSG00000066933	0.008638523623034286
ENSG00000067066	-0.02173059500070342
ENSG00000067225	0.0469211220830937
ENSG00000069399	0.09341560797729505
ENSG00000069849	-0.13963171118199877
ENSG00000070018	0.017828232834310537
ENSG00000070061	-0.003065867778829874
ENSG00000070444	-0.0048575681360444045
ENSG00000070761	0.05474995692536124
ENSG00000070961	-0.02050925725735619
ENSG00000071243	-0.03319619891586143
ENSG00000071537	0.02245909481057437
ENSG00000071655	0.023495017246527333
ENSG00000072506	-0.06486185725990004
ENSG00000073803	0.0053664054083719685
ENSG00000074356	-0.0874705481063774
ENSG00000074582	-0.053712898799429316
ENSG00000074621	0.038149111268586194
ENSG00000075426	0.09019415658913343
ENSG00000075568	-0.03498688987889729
ENSG00000075624	0.08682922540435163
ENSG00000075945	-0.03876068960790374
ENSG00000077147	0.1626275526935713
ENSG00000077150	-0.16202866354828072
ENSG00000077238	-0.12729226142857608
ENSG00000078804	-0.09927399266175295
ENSG00000078900	0.0017557801751377214
ENSG00000079387	0.08663372447873251
ENSG00000080802	0.046660320819466417
ENSG00000081985	-0.18347917154117685
ENSG00000082397	-0.015717236419688373
ENSG00000083097	0.04601970789327816
ENSG00000083099	-0.03974419789824218
ENSG00000083168	-0.11294718981235735
ENSG00000083312	-0.006168149795931193
ENSG00000083642	0.02622406180809676
ENSG00000083799	-0.035805940670309934
ENSG00000085224	-0.041549065573300716
ENSG00000086598	0.0805199795311488
ENSG00000087152	-0.08711965123917376
ENSG00000087157	0.058958819990683115
ENSG00000087299	-0.1319832056435516
ENSG00000087302	-0.07609070122422479
ENSG00000087460	0.17842937294672334
ENSG00000088035	-0.007205352804995961
ENSG00000088766	0.018107076731305172
ENSG00000089123	0.0007582629708713316
ENSG00000089902	0.14142402067746185
ENSG00000090316	-0.015787587193550567
ENSG00000090447	-0.01504755692696074
ENSG00000090520	-0.029464222709145105
ENSG00000090905	-0.033290419712238124
ENSG00000090989	0.06412318998556438
ENSG00000091009	-0.03912999651596351
ENSG00000091164	-0.1600677754246139
ENSG00000091732	-0.017607835653350456
ENSG00000092531	-0.03602042893294528
ENSG00000094916	-0.014159987618792372
ENSG00000095059	-0.058392513546073284
ENSG00000095319	-0.004358921505849549
ENSG00000095564	0.02341536711283299
ENSG00000095787	0.09396827300631037
ENSG00000099821	-0.07352678376342678
ENSG00000099901	0.11752842689218938
ENSG00000099917	-0.08680149827477633
ENSG00000099956	0.11130596620729716
ENSG00000100075	0.03293159340716769
ENSG00000100104	0.005179637914207401
ENSG00000100129	-0.024411096860766462
ENSG00000100147	-0.0808407275644016
ENSG00000100201	-0.11553215047996564
ENSG00000100219	0.0735344875608328
ENSG00000100263	-0.04165159627656364
ENSG00000100294	-0.028290144809093313
ENSG00000100345	-0.06310754464407799
ENSG00000100393	0.10663785450250662
ENSG00000100395	-0.02727906951078887
ENSG00000100425	0.15824310035462288
ENSG00000100558	0.029260451373471955
ENSG00000100596	-0.011520507065957948
ENSG00000100605	0.02693482157494635
ENSG00000100711	-0.05399294362766799
ENSG00000100714	-0.013852887783141183
ENSG00000100811	0.045302160584700546
ENSG00000100823	-0.04054743961349042
ENSG00000100908	0.06907516537262748
ENSG00000100983	-0.006642255116521077
ENSG00000100985	-0.12268165172587053
ENSG00000101040	0.00442897652973268
ENSG00000101126	-0.016387015050823562
ENSG00000101193	-0.01863136355839241
ENSG00000101224	-0.014921646192422306
ENSG00000101266	0.002509965262213081
ENSG00000101417	-0.020002550672322712
ENSG00000101442	0.04558166888371947
ENSG00000101457	-0.04555004447593656
ENSG00000101474	0.005160765071085112
ENSG00000101544	0.044910675799663076
ENSG00000101546	-0.04382508428970086
ENSG00000101997	0.01694319799643983
ENSG00000102034	0.1452627596010749
ENSG00000102172	-0.06772337291285856
ENSG00000102265	0.11226022564902205
ENSG00000102471	0.06528480026476785
ENSG00000102543	-0.06455829938361249
ENSG00000102580	0.010597013435792392
ENSG00000102710	-0.0795106038992006
ENSG00000102786	0.010745646230191253
ENSG00000103091	-0.007495296773473127
ENSG00000103184	0.051251102251263635
ENSG00000103194	-0.04839406767721949
ENSG00000103197	0.03365775974976178
ENSG00000103222	-0.058517427390484524
ENSG00000103260	0.005985412890576805
ENSG00000103356	-0.04515267836484233
ENSG00000103363	-0.12182626602145415
ENSG00000103653	-0.053704924334282735
ENSG00000104064	-0.02851594310397944
ENSG00000104131	0.049655942577176405
ENSG00000104419	-0.030004219949235692
ENSG00000104517	-0.11469989535235493
ENSG00000104613	0.0012646921394848492
ENSG00000104835	0.012139523133010255
ENSG00000104881	-0.007807562220563325
ENSG00000104889	-0.05601373319534523
ENSG00000105122	-0.11659095442998935
ENSG00000105220	0.06972622235555852
ENSG00000105287	-0.08944222856737995
ENSG00000105518	-0.14564019421935223
ENSG00000105552	0.015370645430650193
ENSG00000105771	-0.018984771428201874
ENSG00000106009	0.020223674669864775
ENSG00000106028	0.007229378807700259
ENSG00000106299	0.03183465769756569
ENSG00000106546	-0.08563697946283144
ENSG00000107485	0.044435872539153765
ENSG00000107815	-0.03668936812790007
ENSG00000107872	-0.01642420480870271
ENSG00000107938	0.020260858281948044
ENSG00000108001	-0.0016294739198436405
ENSG00000108061	0.0722364317986328
ENSG00000108064	-0.036584731864234006
ENSG00000108349	0.14600356988871363
ENSG00000108465	0.009785675999764798
ENSG00000108510	-0.011831811298777755
ENSG00000108852	-0.08804109470570852
ENSG00000108946	-0.11313935394010881
ENSG00000109118	0.0511915314315921
ENSG00000109220	-0.022701474828986143
ENSG00000109270	0.058080556825944964
ENSG00000109320	-0.047636638521560005
ENSG00000109670	-0.0060513616355461096
ENSG00000109685	-0.006792172434736322
ENSG00000109771	-0.08945166222404911
ENSG00000109814	-0.038924943274491745
ENSG00000109920	-0.04135916200708022
ENSG00000109971	0.03385565475691759
ENSG00000110060	-0.002061046669198397
ENSG00000110066	-1.8096799333424535e-05
ENSG00000110321	-0.020907624097545898
ENSG00000110367	-0.11547752301743817
ENSG00000110429	0.004808702101142975
ENSG00000110448	-0.048371783879846565
ENSG00000110583	0.009393670690046561
ENSG00000110711	-0.09451063685424597
ENSG00000110717	-0.026196317969104894
ENSG00000110799	0.05942403215532397
ENSG00000111142	-0.04989634404953575
ENSG00000111229	-0.0862286345245357
ENSG00000111530	-0.08001187043835568
ENSG00000111642	-0.16414986769662784
ENSG00000111665	0.09380017568911318
ENSG00000111684	-0.019263036170978493
ENSG00000111726	0.05903868400115141
ENSG00000111790	-0.014463839741969388
ENSG00000111907	0.06069246171918637
ENSG00000112110	-0.0393266258451035
ENSG00000112130	-0.07872642984413968
ENSG00000112237	-0.05250204776981091
ENSG00000112282	0.011041764951209865
ENSG00000112486	-0.11533011702840368
ENSG00000112651	0.02413910953373433
ENSG00000112697	-0.0054227740210955515
ENSG00000112977	0.0986338094758975
ENSG00000112983	-0.04170034263003517
ENSG00000113048	-0.00973429706393335
ENSG00000113163	0.09434281542663596
ENSG00000113263	-0.009851651261695196
ENSG00000113716	0.024156632117709156
ENSG00000114030	-0.12546732319418835
ENSG00000114098	-0.08284002604768914
ENSG00000114209	-0.06508074851716512
ENSG00000114354	-0.06566638671234772
ENSG00000114395	0.0175426571778549
ENSG00000114423	-0.14977511915458705
ENSG00000114650	-0.04020456093302616
ENSG00000114686	-0.022521878879120678
ENSG00000114742	-0.016011030864263257
ENSG00000114850	0.09711600040429676
ENSG00000114854	0.030026281111850555
ENSG00000114857	0.0722046404105915
ENSG00000115091	-0.02678866374810811
ENSG00000115274	0.025832334368721035
ENSG00000115289	0.055289324869731725
ENSG00000115514	-0.08956302989581215
ENSG00000115523	0.04863685967762318
ENSG00000115568	-0.02147874468309562
ENSG00000115685	0.005656153161495221
ENSG00000116001	-0.1036432452234876
ENSG00000116221	-0.08815199484524483
ENSG00000116478	-0.04863520515821882
ENSG00000116514	-0.054072909314432864
ENSG00000116604	0.036352517181997335
ENSG00000116698	0.02608154217695627
ENSG00000116747	0.10898074037369486
ENSG00000116824	0.07565336928387108
ENSG00000116874	-0.00285733048742607
ENSG00000116898	-0.041845284699989965
ENSG00000116954	0.06116636673052703
ENSG00000117475	0.04601269137767733
ENSG00000117481	0.0004003059793019001
ENSG00000117505	0.06977184186225695
ENSG00000117543	-0.013656741727596034
ENSG00000117676	-0.06903456055271204
ENSG00000118046	-0.16164201956981802
ENSG00000118260	-0.040199637672650994
ENSG00000118420	-0.02556206518974055
ENSG00000118482	-0.020003525714501088
ENSG00000118513	-0.12865124824299917
ENSG00000118971	0.07263678714054515
ENSG00000119231	-0.07086623435673874
ENSG00000119383	-0.12379641315810326
ENSG00000119414	-0.07572061904311188
ENSG00000119421	-0.008561826927594206
ENSG00000119431	-0.18008157685836304
ENSG00000119446	-0.02658942878015297
ENSG00000119508	-0.0733563965501731
ENSG00000119523	0.1364692383948021
ENSG00000119608	-0.02093979486229074
ENSG00000119655	-0.06686648857615367
ENSG00000119723	-0.051423282919063694
ENSG00000119760	-0.056445802490751394
ENSG00000120063	0.036981015223044
ENSG00000120217	0.01602553892625402
ENSG00000120254	0.09503298690484208
ENSG00000120526	-0.13538163484558702
ENSG00000120616	-0.04739205503145066
ENSG00000120686	0.0690031263316667
ENSG00000120688	0.07138524259537134
ENSG00000120697	0.03287701719166493
ENSG00000120733	0.09603637321773449
ENSG00000120832	-0.07499827033132424
ENSG00000120913	-0.09684063169700878
ENSG00000120942	-0.03343771814694302
ENSG00000121060	0.001793523158286063
ENSG00000121067	-0.053485880324220754
ENSG00000121210	-0.02285851887043512
ENSG00000121289	-0.09264473022090693
ENSG00000121940	-0.15956780340892704
ENSG00000122145	0.010538654888588765
ENSG00000122223	-0.12526936914692807
ENSG00000122482	0.03862486056349733
ENSG00000122565	-0.033523659977903804
ENSG00000122566	-0.07254768787892664
ENSG00000122694	-0.0849018224399488
ENSG00000122696	0.06966856158546038
ENSG00000122877	-0.01037394131191685
ENSG00000122966	-0.009036752590167231
ENSG00000123338	-0.10880364099944782
ENSG00000123349	-0.01537618722045384
ENSG00000123374	0.05483317921540933
ENSG00000123505	-0.056288498728876535
ENSG00000124181	0.012038862079454248
ENSG00000124193	-0.016181313720073434
ENSG00000124222	0.008278704470354335
ENSG00000124275	0.0696659702393932
ENSG00000124422	-0.06295410428748419
ENSG00000124587	-0.06861724801742732
ENSG00000124782	0.024894350149438364
ENSG00000124795	-0.1265965410545343
ENSG00000125447	0.055904617549139474
ENSG00000125485	0.034524356810599406
ENSG00000125633	0.0295082669244327
ENSG00000125746	-0.05848621290558601
ENSG00000125818	-0.0645348362324601
ENSG00000125820	0.08415954084666294
ENSG00000125834	-0.04387757995945823
ENSG00000125870	0.05847420660962599
ENSG00000125877	-0.046496162176299795
ENSG00000125885	-0.07962725068617958
ENSG00000125901	-0.07208504223589217
ENSG00000125952	-0.09774018075418862
ENSG00000125991	-0.08894917444696655
ENSG00000126012	0.07613796071315657
ENSG00000126249	-0.08905158276832568
ENSG00000126267	-0.020925444390440907
ENSG00000126464	-0.0015194335452484997
ENSG00000126698	0.0069301866657291685
ENSG00000126746	0.07578616060827818
ENSG00000126804	0.05909744418995002
ENSG00000127125	-0.06262942002005066
ENSG00000127184	-0.034411808582428115
ENSG00000127481	0.047512250010364625
ENSG00000127511	0.0002883895437488492
ENSG00000127528	0.06991777281831447
ENSG00000127586	-0.08970059605247356
ENSG00000127884	-0.05801673824318474
ENSG00000127920	-0.11311424935881059
ENSG00000127952	-0.10656331972489445
ENSG00000128266	0.012292550427453133
ENSG00000128272	-0.044294806288939885
ENSG00000128340	-0.0645888019388158
ENSG00000128463	-0.057828027666818514
ENSG00000128590	0.01569133226481709
ENSG00000128607	-0.12870739728224
ENSG00000128829	-0.1052755909394334
ENSG00000129484	-0.004798140732068715
ENSG00000129657	0.03655806529426818
ENSG00000129933	0.010175519943965025
ENSG00000129968	0.06553589397707364
ENSG00000130150	-0.08168748437350015
ENSG00000130165	-0.12104493585509418
ENSG00000130311	-0.08989401001719051
ENSG00000130347	0.02605842452841568
ENSG00000130348	0.09015112911223376
ENSG00000130429	-0.09225994334666991
ENSG00000130559	-0.002258701882641911
ENSG00000130638	-0.10642700530631255
ENSG00000130749	0.07349736446881261
ENSG00000131143	-0.05656300689521948
ENSG00000131165	-0.0632500479712914
ENSG00000131236	-0.06226398974900541
ENSG00000131323	-0.09358303000425731
ENSG00000131368	-0.01904703592959833
ENSG00000131473	-0.007408281521707107
ENSG00000131652	0.008856380919232036
ENSG00000131725	0.08187946853034643
ENSG00000132005	0.05807216794596728
ENSG00000132357	0.0074427430576861
ENSG00000132361	-0.06821286235147207
ENSG00000132436	-0.10282544435156778
ENSG00000132522	-0.09980991061344391
ENSG00000132535	0.04930301245617854
ENSG00000132740	0.008594770472076524
ENSG00000132768	0.006842214515454234
ENSG00000132846	0.01809797619228693
ENSG00000133103	-0.08179633014473271
ENSG00000133112	0.005230419215460305
ENSG00000133858	0.09424706585119702
ENSG00000133895	-0.10042333965923735
ENSG00000134014	-0.03431435360480701
ENSG00000134086	-0.020403369288982353
ENSG00000134107	0.15311269017817
ENSG00000134146	0.032211554498006854
ENSG00000134283	0.002724491125213385
ENSG00000134323	-0.0007946591474009453
ENSG00000134516	-0.04397862351531342
ENSG00000134644	-0.01615099347882792
ENSG00000134759	-0.06820994627175432
ENSG00000134982	-0.033880246935461454
ENSG00000135074	-0.053809171664275124
ENSG00000135119	0.009002991569994706
ENSG00000135426	-0.16887638409894098
ENSG00000135482	0.05681132674507417
ENSG00000135486	-0.030039028508638547
ENSG00000135677	-0.07635950255384248
ENSG00000135740	-0.1334405026074391
ENSG00000135829	0.06591173032949262
ENSG00000135870	0.08404269488443629
ENSG00000136108	-0.13130164358885593
ENSG00000136319	0.0652658886796914
ENSG00000136436	-0.0007827394302348615
ENSG00000136732	0.015806691969696886
ENSG00000136827	-0.039883354998297336
ENSG00000136868	-0.06666902570105136
ENSG00000136925	0.03432473365762831
ENSG00000136938	-0.05161587656819381
ENSG00000136940	0.1540927561968438
ENSG00000137076	0.05788916073937752
ENSG00000137168	-0.06766157978307447
ENSG00000137200	0.043703517037007956
ENSG00000137275	-0.029264764566909476
ENSG00000137411	-0.047158299744949124
ENSG00000137770	-0.05729456337258521
ENSG00000137776	0.0029056049975666348
ENSG00000137871	0.005921293631505255
ENSG00000138035	-0.06133728581649026
ENSG00000138071	-0.031154353257110256
ENSG00000138081	0.1818135942067434
ENSG00000138095	-0.027696431546899682
ENSG00000138131	-0.013619487187252102
ENSG00000138385	-0.05259609429324125
ENSG00000138495	0.032379246299971284
ENSG00000138614	-0.02223279762480912
ENSG00000138621	-0.1439953325703693
ENSG00000138668	0.08132999813316785
ENSG00000138684	-0.006435576058134047
ENSG00000138780	-0.113397891787043
ENSG00000138785	-0.09843629766047228
ENSG00000139163	-0.007724637762899451
ENSG00000139194	0.0550858297163988
ENSG00000139197	0.005154970308343789
ENSG00000139428	-0.07848495189181616
ENSG00000139546	-0.03789529035055778
ENSG00000139629	-0.09841861028478684
ENSG00000139718	0.06842794624298389
ENSG00000139725	-0.012552419783247027
ENSG00000139726	-0.07882409799375348
ENSG00000139826	-0.09236800670570067
ENSG00000139921	-0.0038731172683857166
ENSG00000139990	-0.05365531778358295
ENSG00000140264	-0.013848960814696073
ENSG00000140320	-0.06191422192936424
ENSG00000140365	-0.017382728036936777
ENSG00000140398	-0.13630480315775628
ENSG00000140521	-0.03268148775163263
ENSG00000140548	0.03407652678567726
ENSG00000140650	0.08848987384575518
ENSG00000140905	-0.04823382738515578
ENSG00000140995	-0.030115654564555772
ENSG00000141027	0.040942479786288004
ENSG00000141378	0.0238873429979149
ENSG00000141424	-0.027590417011713345
ENSG00000141499	0.13669442613708738
ENSG00000141510	0.077095998538682
ENSG00000141564	-0.048887692900706076
ENSG00000141646	0.05133585873530081
ENSG00000141858	-0.03547042753999099
ENSG00000141956	0.014457632633777978
ENSG00000142166	0.06137528517320225
ENSG00000142453	0.02247263674149666
ENSG00000142544	-0.008979306695458293
ENSG00000142700	-0.03628838037501356
ENSG00000143155	0.019815537518686602
ENSG00000143207	-0.12782685886125242
ENSG00000143222	0.020268870945280824
ENSG00000143294	-0.013863428770709741
ENSG00000143324	0.006038059359828217
ENSG00000143363	-0.0182050938567019
ENSG00000143374	-0.16534256961610425
ENSG00000143379	-0.08298579238413653
ENSG00000143437	-0.11489044505350592
ENSG00000143569	0.008067518365707271
ENSG00000143614	-0.03365502411760613
ENSG00000143756	0.09724408643074078
ENSG00000143761	0.05297148878498393
ENSG00000143816	0.04422120117812011
ENSG00000143867	-0.0033496811681226015
ENSG00000143870	0.023393589547815234
ENSG00000144029	0.007192159580086635
ENSG00000144362	-0.08346126041179297
ENSG00000144554	-0.05736615481176649
ENSG00000145050	0.041727620304527785
ENSG00000145386	-0.10446287754691548
ENSG00000145414	-0.08835475213859773
ENSG00000145476	0.02531829247519539
ENSG00000145545	-0.018052790952201164
ENSG00000145781	-0.056512483786189255
ENSG00000146757	-0.004774825280710886
ENSG00000147044	0.03377726059215334
ENSG00000147050	-0.02171711629778465
ENSG00000147123	-0.00795714106768062
ENSG00000148175	0.0008042832030791732
ENSG00000148187	0.029608970837222554
ENSG00000148343	0.011484316560585019
ENSG00000148459	-0.024327636702259663
ENSG00000148516	0.06049680155669864
ENSG00000148690	0.09040319314815781
ENSG00000148840	-0.027516310287680073
ENSG00000148950	0.1000647404426584
ENSG00000149311	0.06338809637033255
ENSG00000149474	-0.055697327893306774
ENSG00000149480	-0.1683065559888209
ENSG00000149792	-0.09316047935444145
ENSG00000149923	-0.018984800796091106
ENSG00000149929	0.13052321240543996
ENSG00000150347	-0.01310275542541682
ENSG00000150527	0.07977415977277372
ENSG00000150776	0.002975958556862129
ENSG00000150779	-0.015751321090498333
ENSG00000150907	-0.0755526531140293
ENSG00000150991	-0.020613367637539695
ENSG00000151239	0.11751289166571005
ENSG00000151332	-0.05730141582702191
ENSG00000151502	-0.06671136764340226
ENSG00000151923	0.03265240394748934
ENSG00000152234	0.030220429633698018
ENSG00000152382	-0.04492543359928913
ENSG00000152443	-0.030760378601790383
ENSG00000152520	-0.016157834280134578
ENSG00000152558	-0.010489183721546022
ENSG00000152642	-0.048030833458904805
ENSG00000153015	0.04320030340551146
ENSG00000153214	0.03207700055291924
ENSG00000153291	-0.05010907316259041
ENSG00000153391	0.03474263528766011
ENSG00000153561	-0.05736659261332957
ENSG00000153827	0.022560345757415192
ENSG00000154165	-0.15200890636734551
ENSG00000154582	-0.13876535032298418
ENSG00000154710	-0.011445779157767266
ENSG00000154719	0.05438989364350879
ENSG00000154832	0.048516879238715754
ENSG00000155330	-0.0778783009076216
ENSG00000155363	-0.04809407464549139
ENSG00000155463	-0.04611561033415224
ENSG00000155666	0.018787905010242384
ENSG00000155827	0.024747316033469375
ENSG00000155903	-0.08062544786602066
ENSG00000156017	0.03655081994222275
ENSG00000156050	-0.04467492110110083
ENSG00000156127	-0.0024950746513496985
ENSG00000156239	-0.0776156890140225
ENSG00000156253	-0.027186500277140337
ENSG00000156374	0.0037532293793992428
ENSG00000156467	-0.049830251942010594
ENSG00000156502	-0.02404362995680034
ENSG00000156603	-0.0952632832230327
ENSG00000156675	-0.12157104694355764
ENSG00000156709	-0.01821188823035973
ENSG00000156860	-0.03830753868682899
ENSG00000156983	-0.027483164441762468
ENSG00000157014	-0.033153736136402344
ENSG00000157212	0.07216011855149711
ENSG00000157426	-0.005493888529781375
ENSG00000158195	-0.12270010310806019
ENSG00000158290	0.012223137209807819
ENSG00000158604	-0.06989359307836294
ENSG00000158615	0.07282985571340601
ENSG00000158966	-0.13196205021269847
ENSG00000159063	-0.041453676188958254
ENSG00000159111	-0.043383985000945105
ENSG00000159618	0.057781505702556614
ENSG00000159692	0.04077999437963591
ENSG00000160199	-0.02771992874518706
ENSG00000160255	0.033031664466208706
ENSG00000160439	0.05923414317591125
ENSG00000160584	-0.10846526150303222
ENSG00000160688	-0.025404551558105285
ENSG00000161654	0.04460191810642713
ENSG00000161677	-0.030654348399471936
ENSG00000161847	0.01595100884961403
ENSG00000162063	-0.007051444231553373
ENSG00000162191	0.006538041877378335
ENSG00000162227	-0.07482293831279431
ENSG00000162377	-0.016233007034631455
ENSG00000162396	0.01418773189850592
ENSG00000162419	0.10121891771171249
ENSG00000162604	-0.06957634746448624
ENSG00000162613	-0.10964338907356512
ENSG00000163006	-0.17469475416276392
ENSG00000163125	-0.08322493926154968
ENSG00000163319	0.0017116078121634827
ENSG00000163349	0.010628139784729854
ENSG00000163466	-0.02081048558422458
ENSG00000163479	0.0321040156944669
ENSG00000163516	-0.06059423754032597
ENSG00000163541	-0.04733971693300618
ENSG00000163659	0.013891871137186625
ENSG00000163728	-0.02651266742732017
ENSG00000163798	-0.013633238152177865
ENSG00000163848	0.024319664389956887
ENSG00000163872	-0.026580300908497372
ENSG00000163874	0.019271795323010304
ENSG00000163946	-0.03922743172532541
ENSG00000164032	-0.10249782830359921
ENSG00000164091	-0.014505618363720977
ENSG00000164105	0.09212519023308219
ENSG00000164190	-0.07141207641110996
ENSG00000164327	0.13139354029469041
ENSG00000164329	-0.11991503366276374
ENSG00000164404	-0.0625413129341823
ENSG00000164405	-0.0505508473526054
ENSG00000164466	0.00448575440595335
ENSG00000164597	-0.00509734176352874
ENSG00000164620	-0.08671653589009114
ENSG00000164654	0.0017772206543697165
ENSG00000164715	-0.10387081043251872
ENSG00000164822	-0.07324935531306777
ENSG00000164849	-0.05805620954743903
ENSG00000164919	-0.07475995830873709
ENSG00000164985	-0.08165920120483493
ENSG00000165025	-0.02517480384012281
ENSG00000165118	-0.027923600823327722
ENSG00000165312	-0.05287495177316834
ENSG00000165389	0.03301339911513476
ENSG00000165392	-0.11592199941824999
ENSG00000165424	-0.0228878258077424
ENSG00000165506	-0.012394016671855362
ENSG00000165671	0.08168913676405859
ENSG00000165699	0.021500891718161292
ENSG00000165898	-0.005199850991459203
ENSG00000165997	0.0539573619646623
ENSG00000166024	0.01836453857203696
ENSG00000166164	-0.010567538919628772
ENSG00000166166	-0.02609946769648683
ENSG00000166233	-0.18350251167511003
ENSG00000166260	-0.06570158506351197
ENSG00000166432	-0.06871420690248585
ENSG00000166435	0.021896114822097457
ENSG00000166477	-0.1546057765159902
ENSG00000166669	-0.13594362231695054
ENSG00000166860	-0.03202504312227943
ENSG00000166888	-0.08176190317293568
ENSG00000166902	-0.045949359628708185
ENSG00000166912	-0.10093507617297304
ENSG00000167113	-0.021574969635963382
ENSG00000167118	0.02170265829940844
ENSG00000167130	0.037912042598419
ENSG00000167447	0.02400808042696116
ENSG00000167720	0.02571119776720399
ENSG00000167770	-0.17695927651690369
ENSG00000167965	0.12472345284669357
ENSG00000168003	0.06088145833195011
ENSG00000168214	0.0028141144783639083
ENSG00000168286	-0.004591947328782997
ENSG00000168310	0.03438446661325285
ENSG00000168439	-0.03265679987984464
ENSG00000168484	0.025228463908999837
ENSG00000168488	0.1197716281835608
ENSG00000168564	0.028619033967949806
ENSG00000168610	0.13956519663524175
ENSG00000168769	0.15276079154288819
ENSG00000168813	0.0375346903728784
ENSG00000168894	-0.0771951085013994
ENSG00000169019	0.06404283368742153
ENSG00000169020	-0.04026161699520193
ENSG00000169045	0.02473487480132114
ENSG00000169139	0.11161633716962104
ENSG00000169217	-0.0035920793102568217
ENSG00000169249	0.03887341429233832
ENSG00000169375	0.13251660487483571
ENSG00000169446	0.0007747227160947696
ENSG00000169660	0.049606246158978885
ENSG00000169714	-0.061098159816535824
ENSG00000169926	0.17351890166810527
ENSG00000169991	-0.018792343096866084
ENSG00000169992	0.04919463028534939
ENSG00000170142	-0.12466314591160092
ENSG00000170231	0.024520227693395513
ENSG00000170264	-0.08226048352419572
ENSG00000170291	-0.021673310316120537
ENSG00000170322	0.11844736694088977
ENSG00000170348	0.09594927332524221
ENSG00000170486	-0.06214294760124948
ENSG00000170571	0.042391270756157444
ENSG00000170581	0.09542473784831491
ENSG00000170604	0.06915007759856041
ENSG00000170802	-0.057164836636128175
ENSG00000170836	-0.07097552506595184
ENSG00000170946	-0.023101726072050466
ENSG00000171105	0.11715172049547319
ENSG00000171148	-0.07812691507690035
ENSG00000171204	0.08446117046780442
ENSG00000171223	0.07823682298158681
ENSG00000171262	0.0387387860880798
ENSG00000171314	0.09087353323189329
ENSG00000171316	-0.1007606677942708
ENSG00000171456	-0.04824189288228262
ENSG00000171530	-0.0395722513388505
ENSG00000171532	-0.04449490439056288
ENSG00000171606	-0.06438367016287483
ENSG00000171657	0.004339369226813994
ENSG00000171862	-0.08691034101923174
ENSG00000171865	-0.05521930462922525
ENSG00000171953	0.06746001824498836
ENSG00000171960	-0.01722660176803827
ENSG00000171984	-0.023309459045776054
ENSG00000172006	0.01014041826088575
ENSG00000172175	0.04089420498400428
ENSG00000172239	-0.022886183296695232
ENSG00000172301	-0.007115434220080285
ENSG00000172428	-0.07839481141980509
ENSG00000172465	-0.0790728112011677
ENSG00000172789	-0.0015232208191118108
ENSG00000172943	0.06880640739135152
ENSG00000172992	-0.08766358292152272
ENSG00000173011	-0.04460481487398129
ENSG00000173039	0.045321692178119606
ENSG00000173120	-0.027504386308129746
ENSG00000173193	-0.07118316165305344
ENSG00000173264	0.05365225975176444
ENSG00000173276	0.03734174043703739
ENSG00000173451	0.13043577410501475
ENSG00000173486	0.07521438588296551
ENSG00000173559	-0.06401499369440748
ENSG00000173812	0.044356673613384724
ENSG00000173917	-0.10107018191691658
ENSG00000174177	-0.020884466600208443
ENSG00000174197	-0.008190104209660815
ENSG00000174292	-0.0016914040327887716
ENSG00000174306	0.006204159943856896
ENSG00000174437	-0.16169735237068522
ENSG00000174547	0.02675200793242377
ENSG00000174579	0.0731679493101605
ENSG00000174695	0.018717005715296855
ENSG00000174744	0.027170011538127453
ENSG00000174915	0.011504125698113663
ENSG00000174953	-0.03882830151535842
ENSG00000175155	0.025786646051380396
ENSG00000175182	-0.0025322398700165093
ENSG00000175354	-0.15037795939026663
ENSG00000175550	0.008464937223898726
ENSG00000175595	-0.06328252840029425
ENSG00000175782	0.10626838171088165
ENSG00000175899	-0.06255811701571078
ENSG00000176024	-0.09905232651167685
ENSG00000176208	-0.0949624115941443
ENSG00000176396	-0.033303681672066994
ENSG00000176476	-0.016447204420220143
ENSG00000177463	-0.04854544059276081
ENSG00000177565	0.10820893601110138
ENSG00000177576	-0.0596157715549292
ENSG00000177683	0.0245752501968011
ENSG00000177853	0.0631455491280314
ENSG00000178397	0.03147255556061847
ENSG00000178562	0.04599355459518858
ENSG00000178607	0.06286821128245292
ENSG00000178741	-0.06658422566481227
ENSG00000178802	0.03968335260433425
ENSG00000178951	-0.18503901389557678
ENSG00000178982	0.017032055031528326
ENSG00000179151	-0.1592797532463688
ENSG00000179262	0.05499062519378109
ENSG00000179271	-0.01328247612230385
ENSG00000179750	-0.04737784269587909
ENSG00000179855	0.0011485417601315602
ENSG00000179909	-0.10912825034746183
ENSG00000179941	-0.0685234611192129
ENSG00000180008	-0.06425254957913719
ENSG00000180228	-0.019064844119340337
ENSG00000180370	-0.03076386867719458
ENSG00000180834	-0.07940170962388156
ENSG00000181038	-0.07659976370810141
ENSG00000181090	0.0769691260763916
ENSG00000181381	0.00990620339407094
ENSG00000181544	-0.1102952973563641
ENSG00000181555	-0.08432855487644408
ENSG00000181610	-0.04463095273719617
ENSG00000181852	-0.03852343396737081
ENSG00000181885	-0.016880587761478067
ENSG00000181991	-0.06043141987867184
ENSG00000182087	0.021067860070567962
ENSG00000182180	-0.10377883682657195
ENSG00000182247	-0.01909990378432428
ENSG00000182307	-0.04443729141643047
ENSG00000182628	-0.08164139706493079
ENSG00000182742	0.03013669299953611
ENSG00000182831	-0.06775985968712457
ENSG00000182858	-0.029178285526009207
ENSG00000182872	0.03630942806687488
ENSG00000182944	-6.963283572172564e-05
ENSG00000182973	0.02500717955739043
ENSG00000183048	-0.010246364378930058
ENSG00000183091	0.030467328503847407
ENSG00000183161	-0.06736203744921983
ENSG00000183337	0.015237030616602051
ENSG00000183508	0.05277548774172062
ENSG00000183513	0.06746268640110335
ENSG00000183813	-0.04849741366878871
ENSG00000183978	-0.0791473097395901
ENSG00000184162	-0.019450345422008665
ENSG00000184203	-0.14596879699933843
ENSG00000184619	-0.019067406080970017
ENSG00000184634	-0.07475877274493022
ENSG00000184787	-0.05418712351354521
ENSG00000184863	0.022311964582223925
ENSG00000185246	-0.038189886064907134
ENSG00000185591	0.044039433179347304
ENSG00000185624	-0.06599857715430307
ENSG00000185651	-0.20406009648661697
ENSG00000185787	-0.04918655882271903
ENSG00000185811	0.019036018145037702
ENSG00000185813	-0.05298045995198597
ENSG00000185869	0.06883730278453336
ENSG00000185896	-0.09637296087759704
ENSG00000186517	-0.010918539564699112
ENSG00000186566	0.009267197276267293
ENSG00000186591	-0.06146227170687978
ENSG00000186834	-0.14380020900201043
ENSG00000187257	0.12902864848404622
ENSG00000187531	-0.08729029004698301
ENSG00000187790	-0.06420481271547958
ENSG00000187821	0.06335346107680245
ENSG00000187866	-0.00838604311012732
ENSG00000188157	0.004545940851825189
ENSG00000188186	0.0826061372947424
ENSG00000188493	0.05197361711490664
ENSG00000188529	-0.09349157063582607
ENSG00000188997	0.05471079519405422
ENSG00000189007	-0.126374010987419
ENSG00000189046	-0.043108603189945305
ENSG00000189050	0.035168225092487196
ENSG00000189079	-0.050524058305416834
ENSG00000196072	0.013835538382425142
ENSG00000196367	0.023014707573273535
ENSG00000196455	-0.0518159818262984
ENSG00000196505	-0.0696256376793673
ENSG00000196507	-0.04319401378320228
ENSG00000196584	-0.08247847031880136
ENSG00000196937	0.037064203955416423
ENSG00000197111	-0.04780813041385724
ENSG00000197136	-0.04296266937349589
ENSG00000197147	-0.11308328650067433
ENSG00000197223	-0.03775162827987191
ENSG00000197343	0.02551856750746524
ENSG00000197483	0.09413969190263592
ENSG00000197780	-0.10619129392593345
ENSG00000197858	-0.009354452298777655
ENSG00000197976	0.007466014093451175
ENSG00000198171	0.06900934155528266
ENSG00000198176	-0.021221830730007746
ENSG00000198492	-0.12522608795336468
ENSG00000198521	-0.04988394888577119
ENSG00000198589	0.010574609904165014
ENSG00000198821	0.07256455682444375
ENSG00000198825	-0.07070835980742558
ENSG00000198841	0.02038814840988282
ENSG00000198924	-0.04358685216417143
ENSG00000198945	0.049426170610462596
ENSG00000203618	0.08706684701096519
ENSG00000204209	-0.07242336961462618
ENSG00000204335	0.03543329134275638
ENSG00000204371	0.1325618285958633
ENSG00000204469	-0.04141411897507669
ENSG00000204498	-0.07333481576041623
ENSG00000204568	-0.015876715842774208
ENSG00000204599	0.005959077577949136
ENSG00000205323	0.06212048509933524
ENSG00000213066	-0.093378968311103
ENSG00000213246	0.04496834164145907
ENSG00000213281	-0.05857735472908304
ENSG00000213593	-0.050184747812266055
ENSG00000213638	-0.09025069101761013
ENSG00000213903	-0.06306011091866545
ENSG00000213928	0.14717109686026167
ENSG00000213965	-0.0025331676080069658
ENSG00000215397	0.05087666518066699
ENSG00000221823	-0.022568424667758893
ENSG00000228474	-0.06424220262466056
ENSG00000232119	-0.02485241932910177
ENSG00000239789	0.030047182789295118
ENSG00000240065	-0.10639231081014178
ENSG00000240303	0.022218304554973353
ENSG00000241468	0.00032163864062065284
ENSG00000241837	0.060360433840262
ENSG00000244462	0.051694678039376295
ENSG00000250151	-0.08787740982212215
ENSG00000254505	-0.03767051069724434
ENSG00000254999	-0.1309199074728896
ENSG00000256269	-0.136974729452248
ENSG00000257103	-0.009953344850880648
ENSG00000258289	-0.10178372562103626
ENSG00000265972	-0.016510134052678153
ENSG00000266472	-0.12529445100971048
ENSG00000267796	-0.05385281783091058
ENSG00000269556	0.06007779016245248
ENSG00000269955	-0.06927957209735087
ENSG00000274180	-0.0772373378871615
ENSG00000274523	-0.009696738532237605
ENSG00000275379	0.03645016845002967
ENSG00000276045	-0.05968223689658984
ENSG00000276234	-0.055801210998227956
ENSG00000278588	-0.11439903157320302
ENSG00000278845	0.005543150373560381
ENSG00000280789	0.05125905038648846
ENSG00000284194	-0.11183610531180073
